temperature,city,pression,date
280.38,Paris,1016,2026-02-17 10:15
278.3,London,1014,2026-02-17 10:15
272.13,Washington,992,2026-02-17 10:15
279.98,Paris,1016,2026-02-17 10:00
277.65,London,1015,2026-02-17 10:00
272.42,Washington,993,2026-02-17 10:00
279.89,Paris,1016,2026-02-17 09:48
277.59,London,1015,2026-02-17 09:48
272.42,Washington,993,2026-02-17 09:48
279.89,Paris,1016,2026-02-17 09:45
277.59,London,1015,2026-02-17 09:45
272.42,Washington,993,2026-02-17 09:45
279.73,Paris,1015,2026-02-17 09:07
276.87,London,1014,2026-02-17 09:07
272.35,Washington,992,2026-02-17 09:07
279.73,Paris,1015,2026-02-17 09:06
276.78,London,1014,2026-02-17 09:06
272.35,Washington,992,2026-02-17 09:06
279.67,Paris,1015,2026-02-17 09:00
276.71,London,1014,2026-02-17 09:00
272.13,Washington,993,2026-02-17 09:00
279.67,Paris,1015,2026-02-17 08:57
276.71,London,1014,2026-02-17 08:57
272.13,Washington,993,2026-02-17 08:57
279.67,Paris,1015,2026-02-17 08:55
276.71,London,1014,2026-02-17 08:55
272.13,Washington,993,2026-02-17 08:55
279.67,Paris,1015,2026-02-17 08:49
276.3,London,1014,2026-02-17 08:49
272.16,Washington,993,2026-02-17 08:49
279.31,Paris,1015,2026-02-17 08:38
276.24,London,1014,2026-02-17 08:38
272.24,Washington,993,2026-02-17 08:38
279.31,Paris,1015,2026-02-17 08:37
276.24,London,1014,2026-02-17 08:37
272.24,Washington,993,2026-02-17 08:37
279.31,Paris,1015,2026-02-17 08:34
276.24,London,1014,2026-02-17 08:34
272.24,Washington,993,2026-02-17 08:34
279.22,Paris,1014,2026-02-17 08:14
275.96,London,1013,2026-02-17 08:14
272.19,Washington,992,2026-02-17 08:14
279.22,Paris,1014,2026-02-17 08:13
275.96,London,1013,2026-02-17 08:13
272.19,Washington,992,2026-02-17 08:13
279.13,Paris,1014,2026-02-17 08:07
275.79,London,1013,2026-02-17 08:07
272.39,Washington,992,2026-02-17 08:07
280.14,Paris,1006,2026-02-16 21:00
279.77,London,1002,2026-02-16 21:00
275.06,Washington,995,2026-02-16 21:00
280.1,Paris,1005,2026-02-16 20:00
279.64,London,1001,2026-02-16 20:00
274.28,Washington,996,2026-02-16 20:00
280.25,Paris,1004,2026-02-16 19:00
279.64,London,1000,2026-02-16 19:00
275.22,Washington,997,2026-02-16 19:00
280.41,Paris,1004,2026-02-16 18:00
279.67,London,999,2026-02-16 18:00
274.01,Washington,998,2026-02-16 18:00
280.41,Paris,1004,2026-02-16 17:58
279.67,London,999,2026-02-16 17:58
274.01,Washington,998,2026-02-16 17:58
281.52,Paris,1003,2026-02-16 17:12
279.84,London,998,2026-02-16 17:12
273.63,Washington,998,2026-02-16 17:12
281.93,Paris,1003,2026-02-16 17:00
280.21,London,998,2026-02-16 17:00
272.92,Washington,999,2026-02-16 17:00
281.44,Paris,1002,2026-02-16 16:17
281.83,London,996,2026-02-16 16:17
273.2,Washington,999,2026-02-16 16:17
283.36,Paris,1002,2026-02-16 16:00
281.77,London,997,2026-02-16 16:00
272.82,Washington,1000,2026-02-16 16:00
283.4,Paris,1002,2026-02-16 15:51
281.95,London,997,2026-02-16 15:51
273.47,Washington,1000,2026-02-16 15:51
283.52,Paris,1002,2026-02-16 15:47
281.85,London,997,2026-02-16 15:47
273.78,Washington,1000,2026-02-16 15:47
283.73,Paris,1002,2026-02-16 15:37
281.88,London,997,2026-02-16 15:37
273.78,Washington,1000,2026-02-16 15:37
283.73,Paris,1002,2026-02-16 15:36
281.88,London,997,2026-02-16 15:36
273.78,Washington,1000,2026-02-16 15:36
283.73,Paris,1002,2026-02-16 15:35
281.88,London,997,2026-02-16 15:35
273.78,Washington,1000,2026-02-16 15:35
283.75,Paris,1002,2026-02-16 15:26
281.87,London,996,2026-02-16 15:26
273.78,Washington,999,2026-02-16 15:26
283.75,Paris,1002,2026-02-16 15:17
281.87,London,996,2026-02-16 15:17
273.78,Washington,999,2026-02-16 15:17
284.01,Paris,1002,2026-02-16 15:00
281.17,London,996,2026-02-16 15:00
273.47,Washington,1001,2026-02-16 15:00
283.95,Paris,1002,2026-02-16 14:25
281.46,London,995,2026-02-16 14:25
272.83,Washington,1000,2026-02-16 14:25
283.78,Paris,1002,2026-02-16 14:00
282.59,London,996,2026-02-16 14:00
273.46,Washington,1002,2026-02-16 14:00
283.88,Paris,1002,2026-02-16 13:52
282.61,London,996,2026-02-16 13:52
273.77,Washington,1002,2026-02-16 13:52
284.26,Paris,1003,2026-02-16 13:00
281.89,London,997,2026-02-16 13:00
272.69,Washington,1003,2026-02-16 13:00
283.42,Paris,1002,2026-02-16 12:00
281.6,London,997,2026-02-16 12:00
274.07,Washington,1004,2026-02-16 12:00
282.57,Paris,1003,2026-02-16 11:00
281.38,London,997,2026-02-16 11:00
274.51,Washington,1005,2026-02-16 11:00
282.57,Paris,1003,2026-02-16 10:55
281.3,London,997,2026-02-16 10:55
274.51,Washington,1005,2026-02-16 10:55
282.55,Paris,1003,2026-02-16 10:41
281.19,London,997,2026-02-16 10:41
274.72,Washington,1005,2026-02-16 10:41
281.82,Paris,1002,2026-02-15 23:09
279.56,London,996,2026-02-15 23:09
278.18,Washington,1010,2026-02-15 23:09
282.21,Paris,1002,2026-02-15 23:00
279.59,London,996,2026-02-15 23:00
277.82,Washington,1010,2026-02-15 23:00
282.21,Paris,1002,2026-02-15 22:53
279.59,London,996,2026-02-15 22:53
277.82,Washington,1010,2026-02-15 22:53
282.55,Paris,1002,2026-02-15 22:06
279.87,London,996,2026-02-15 22:06
278.37,Washington,1011,2026-02-15 22:06
